{
  "timestamp": "2026-03-05T19:15:13.961Z",
  "totalRecords": 117758,
  "errorCodes": 62,
  "vehicles": 17,
  "symptoms": 144,
  "priors": {
    "P0011": 13562,
    "P030A": 1802,
    "DME1E01": 327,
    "4F0D1": 327,
    "P0300": 28084,
    "P0420": 31532,
    "P300": 873,
    "P0455": 3894,
    "P0171": 8148,
    "U0140": 1208,
    "U0121": 2476,
    "2E90": 319,
    "P0128": 3104,
    "U0101": 2681,
    "DME1": 2494,
    "4FA9": 317,
    "B12/2C": 1699,
    "P0700": 1212,
    "B12/3C": 3267,
    "P000AE": 307,
    "4FAA": 987,
    "DME P0300": 546,
    "DME P0011": 1067,
    "P2E8": 267,
    "P0301": 460,
    "U0100": 1071,
    "C1218": 253,
    "P0A0B": 252,
    "B12/7": 379,
    "2E08": 384,
    "4B3C": 242,
    "P0A0F": 237,
    "B2367": 222,
    "4F7D": 212,
    "E60": 207,
    "4F01": 202,
    "N20 Vanos System": 197,
    "B12/5": 269,
    "DME2": 192,
    "P0452": 187,
    "B12/4": 473,
    "N84": 157,
    "BMS-12": 189,
    "DME E60 2C5F": 147,
    "DME F10 2D36": 147,
    "N20 Vanos Error": 137,
    "4F5": 127,
    "P0001": 107,
    "U1082": 105,
    "DME E60 16BF": 97,
    "DME F10 2D01": 97,
    "B2661": 97,
    "B1164": 78,
    "U0126": 78,
    "B12/2B": 62,
    "P0201": 52,
    "B12/6": 47,
    "B12/3": 42,
    "DME E60 2B0D": 17,
    "2C01": 17,
    "B12/9": 17,
    "B12/22": 2
  },
  "confidenceScores": {
    "P0011": {
      "average": 0.9164872437693168,
      "count": 13562,
      "min": 0.86,
      "max": 0.99
    },
    "P030A": {
      "average": 0.9415205327414166,
      "count": 1802,
      "min": 0.87,
      "max": 0.99
    },
    "DME1E01": {
      "average": 0.9499999999999942,
      "count": 327,
      "min": 0.95,
      "max": 0.95
    },
    "4F0D1": {
      "average": 0.9000000000000006,
      "count": 327,
      "min": 0.9,
      "max": 0.9
    },
    "P0300": {
      "average": 0.9334599772114112,
      "count": 28084,
      "min": 0.82,
      "max": 0.99
    },
    "P0420": {
      "average": 0.9163703539261662,
      "count": 31532,
      "min": 0.78,
      "max": 0.99
    },
    "P300": {
      "average": 0.8512943871706742,
      "count": 873,
      "min": 0.8,
      "max": 0.92
    },
    "P0455": {
      "average": 0.914368258859775,
      "count": 3894,
      "min": 0.78,
      "max": 0.99
    },
    "P0171": {
      "average": 0.8947569955817274,
      "count": 8148,
      "min": 0.84,
      "max": 0.99
    },
    "U0140": {
      "average": 0.9373592715231861,
      "count": 1208,
      "min": 0.87,
      "max": 0.99
    },
    "U0121": {
      "average": 0.8967649434571945,
      "count": 2476,
      "min": 0.78,
      "max": 0.99
    },
    "2E90": {
      "average": 0.9499999999999943,
      "count": 319,
      "min": 0.95,
      "max": 0.95
    },
    "P0128": {
      "average": 0.9018298969072549,
      "count": 3104,
      "min": 0.85,
      "max": 0.9800000000000001
    },
    "U0101": {
      "average": 0.92910108168593,
      "count": 2681,
      "min": 0.82,
      "max": 0.99
    },
    "DME1": {
      "average": 0.9242662389735596,
      "count": 2494,
      "min": 0.9,
      "max": 0.99
    },
    "4FA9": {
      "average": 0.9702839116719271,
      "count": 317,
      "min": 0.87,
      "max": 0.99
    },
    "B12/2C": {
      "average": 0.8913949381989429,
      "count": 1699,
      "min": 0.85,
      "max": 0.9800000000000001
    },
    "P0700": {
      "average": 0.8956600660065918,
      "count": 1212,
      "min": 0.78,
      "max": 0.99
    },
    "B12/3C": {
      "average": 0.8961799816345151,
      "count": 3267,
      "min": 0.85,
      "max": 0.9800000000000001
    },
    "P000AE": {
      "average": 0.9499999999999945,
      "count": 307,
      "min": 0.95,
      "max": 0.95
    },
    "4FAA": {
      "average": 0.9020364741641316,
      "count": 987,
      "min": 0.87,
      "max": 0.99
    },
    "DME P0300": {
      "average": 0.9452930402930398,
      "count": 546,
      "min": 0.9,
      "max": 0.99
    },
    "DME P0011": {
      "average": 0.8993908153701979,
      "count": 1067,
      "min": 0.87,
      "max": 0.9800000000000001
    },
    "P2E8": {
      "average": 0.879999999999997,
      "count": 267,
      "min": 0.88,
      "max": 0.88
    },
    "P0301": {
      "average": 0.9346956521739138,
      "count": 460,
      "min": 0.9,
      "max": 0.9700000000000001
    },
    "U0100": {
      "average": 0.9159010270775013,
      "count": 1071,
      "min": 0.85,
      "max": 0.99
    },
    "C1218": {
      "average": 0.8899999999999944,
      "count": 253,
      "min": 0.89,
      "max": 0.89
    },
    "P0A0B": {
      "average": 0.8799999999999971,
      "count": 252,
      "min": 0.88,
      "max": 0.88
    },
    "B12/7": {
      "average": 0.8865171503957727,
      "count": 379,
      "min": 0.88,
      "max": 0.89
    },
    "2E08": {
      "average": 0.9315104166666616,
      "count": 384,
      "min": 0.9,
      "max": 0.95
    },
    "4B3C": {
      "average": 0.9000000000000037,
      "count": 242,
      "min": 0.9,
      "max": 0.9
    },
    "P0A0F": {
      "average": 0.8899999999999949,
      "count": 237,
      "min": 0.89,
      "max": 0.89
    },
    "B2367": {
      "average": 0.9000000000000035,
      "count": 222,
      "min": 0.9,
      "max": 0.9
    },
    "4F7D": {
      "average": 0.8700000000000025,
      "count": 212,
      "min": 0.87,
      "max": 0.87
    },
    "E60": {
      "average": 0.8700000000000024,
      "count": 207,
      "min": 0.87,
      "max": 0.87
    },
    "4F01": {
      "average": 0.8799999999999976,
      "count": 202,
      "min": 0.88,
      "max": 0.88
    },
    "N20 Vanos System": {
      "average": 0.9000000000000032,
      "count": 197,
      "min": 0.9,
      "max": 0.9
    },
    "B12/5": {
      "average": 0.899293680297397,
      "count": 269,
      "min": 0.87,
      "max": 0.91
    },
    "DME2": {
      "average": 0.9306249999999987,
      "count": 192,
      "min": 0.88,
      "max": 0.99
    },
    "P0452": {
      "average": 0.8700000000000022,
      "count": 187,
      "min": 0.87,
      "max": 0.87
    },
    "B12/4": {
      "average": 0.8981395348837212,
      "count": 473,
      "min": 0.87,
      "max": 0.95
    },
    "N84": {
      "average": 0.8799999999999981,
      "count": 157,
      "min": 0.88,
      "max": 0.88
    },
    "BMS-12": {
      "average": 0.9000000000000031,
      "count": 189,
      "min": 0.9,
      "max": 0.9
    },
    "DME E60 2C5F": {
      "average": 0.9000000000000024,
      "count": 147,
      "min": 0.9,
      "max": 0.9
    },
    "DME F10 2D36": {
      "average": 0.8499999999999976,
      "count": 147,
      "min": 0.85,
      "max": 0.85
    },
    "N20 Vanos Error": {
      "average": 0.8700000000000015,
      "count": 137,
      "min": 0.87,
      "max": 0.87
    },
    "4F5": {
      "average": 0.8700000000000013,
      "count": 127,
      "min": 0.87,
      "max": 0.87
    },
    "P0001": {
      "average": 0.8700000000000007,
      "count": 107,
      "min": 0.87,
      "max": 0.87
    },
    "U1082": {
      "average": 0.9080952380952394,
      "count": 105,
      "min": 0.87,
      "max": 0.92
    },
    "DME E60 16BF": {
      "average": 0.9000000000000007,
      "count": 97,
      "min": 0.9,
      "max": 0.9
    },
    "DME F10 2D01": {
      "average": 0.8799999999999997,
      "count": 97,
      "min": 0.88,
      "max": 0.88
    },
    "B2661": {
      "average": 0.8700000000000003,
      "count": 97,
      "min": 0.87,
      "max": 0.87
    },
    "B1164": {
      "average": 0.8800000000000008,
      "count": 78,
      "min": 0.88,
      "max": 0.88
    },
    "U0126": {
      "average": 0.8500000000000006,
      "count": 78,
      "min": 0.85,
      "max": 0.85
    },
    "B12/2B": {
      "average": 0.8699999999999991,
      "count": 62,
      "min": 0.87,
      "max": 0.87
    },
    "P0201": {
      "average": 0.8699999999999994,
      "count": 52,
      "min": 0.87,
      "max": 0.87
    },
    "B12/6": {
      "average": 0.8699999999999997,